{
    "now": "2021-09-23T02:09:07.234Z",
    "perfNow": 2795411.799999982,
    "diagnosticCorrelation": "493f41d4-52d0-44e2-b12a-db24a39cce7c",
    "source": "DownloadSupportFiles",
    "environment": {
        "productName": "a365",
        "buildVersion": "21.0915.02",
        "environmentType": 9,
        "resourceName": "syn-oea-hybriddev2",
        "resourceRegion": "eastus",
        "resourceGroup": "rg-oea-hybriddev2",
        "subscriptionId": "7b9a4896-4541-483f-bdc7-d8f4ec6be3ee",
        "sessionId": "MKbA3",
        "operationId": "frw88",
        "gitType": "live"
    },
    "additionalInfo": {
        "selectedResource": "Pipeline1",
        "selectedResourceType": "pipeline"
    }
}