{
    "name": "M365AppUserDetail_JSON",
    "properties": {
        "linkedServiceName": {
            "referenceName": "syn-oea-hybriddev2-WorkspaceDefaultStorage",
            "type": "LinkedServiceReference"
        },
        "annotations": [],
        "type": "Json",
        "typeProperties": {
            "location": {
                "type": "AzureBlobFSLocation",
                "fileName": "m365_app_user_detail",
                "folderPath": "GraphAPI",
                "fileSystem": "stage1np"
            }
        },
        "schema": {}
    },
    "type": "Microsoft.Synapse/workspaces/datasets"
}