{
    "name": "Users_GraphAPI",
    "properties": {
        "linkedServiceName": {
            "referenceName": "Graph API",
            "type": "LinkedServiceReference"
        },
        "annotations": [],
        "type": "RestResource",
        "typeProperties": {
            "relativeUrl": {
                "value": "beta/users?$select=givenName,surname,userPrincipalName,id",
                "type": "Expression"
            }
        },
        "schema": []
    },
    "type": "Microsoft.Synapse/workspaces/datasets"
}