{"$schema":"http://schema.management.azure.com/schemas/2015-01-01/deploymentTemplate.json#","contentVersion":"1.0.0.0","parameters":{"workspaceName":{"type":"string","metadata":"Workspace name","defaultValue":"syn-oea-hybriddev2"}},"variables":{"workspaceId":"[concat('Microsoft.Synapse/workspaces/', parameters('workspaceName'))]"},"resources":[{"name":"[concat(parameters('workspaceName'), '/GraphAPI_Example_Queries_Pipeline')]","type":"Microsoft.Synapse/workspaces/pipelines","apiVersion":"2019-06-01-preview","properties":{"activities":[{"name":"Get_user_data_from_GraphAPI","type":"Copy","dependsOn":[],"policy":{"timeout":"7.00:00:00","retry":0,"retryIntervalInSeconds":30,"secureOutput":false,"secureInput":false},"userProperties":[],"typeProperties":{"source":{"type":"RestSource","httpRequestTimeout":"00:01:40","requestInterval":"00.00:00:00.010","requestMethod":"GET"},"sink":{"type":"JsonSink","storeSettings":{"type":"AzureBlobFSWriteSettings"},"formatSettings":{"type":"JsonWriteSettings"}},"enableStaging":false},"inputs":[{"referenceName":"Users_GraphAPI","type":"DatasetReference","parameters":{}}],"outputs":[{"referenceName":"Users_JSON","type":"DatasetReference","parameters":{}}]},{"name":"Get_Teams_user_activity_details","description":"get's data over the last 180 days.","type":"Copy","dependsOn":[],"policy":{"timeout":"7.00:00:00","retry":0,"retryIntervalInSeconds":30,"secureOutput":false,"secureInput":false},"userProperties":[],"typeProperties":{"source":{"type":"RestSource","httpRequestTimeout":"00:01:40","requestInterval":"00.00:00:00.010","requestMethod":"GET"},"sink":{"type":"JsonSink","storeSettings":{"type":"AzureBlobFSWriteSettings"},"formatSettings":{"type":"JsonWriteSettings"}},"enableStaging":false},"inputs":[{"referenceName":"TeamsActivityUserDetails_GraphAPI","type":"DatasetReference","parameters":{}}],"outputs":[{"referenceName":"TeamsActivityUserDetails_JSON","type":"DatasetReference","parameters":{}}]},{"name":"Get_M365_app_user_detail","description":"get's data over the last 180 days.","type":"Copy","dependsOn":[],"policy":{"timeout":"7.00:00:00","retry":0,"retryIntervalInSeconds":30,"secureOutput":false,"secureInput":false},"userProperties":[],"typeProperties":{"source":{"type":"RestSource","httpRequestTimeout":"00:01:40","requestInterval":"00.00:00:00.010","requestMethod":"GET"},"sink":{"type":"JsonSink","storeSettings":{"type":"AzureBlobFSWriteSettings"},"formatSettings":{"type":"JsonWriteSettings"}},"enableStaging":false},"inputs":[{"referenceName":"M365AppUserDetail_GraphAPI","type":"DatasetReference","parameters":{}}],"outputs":[{"referenceName":"M365AppUserDetail_JSON","type":"DatasetReference","parameters":{}}]}],"policy":{"elapsedTimeMetric":{},"cancelAfter":{}},"annotations":[],"lastPublishTime":"2021-10-05T16:24:20Z"},"dependsOn":["[concat(variables('workspaceId'), '/datasets/Users_GraphAPI')]","[concat(variables('workspaceId'), '/datasets/Users_JSON')]","[concat(variables('workspaceId'), '/datasets/TeamsActivityUserDetails_GraphAPI')]","[concat(variables('workspaceId'), '/datasets/TeamsActivityUserDetails_JSON')]","[concat(variables('workspaceId'), '/datasets/M365AppUserDetail_GraphAPI')]","[concat(variables('workspaceId'), '/datasets/M365AppUserDetail_JSON')]"]},{"name":"[concat(parameters('workspaceName'), '/Users_GraphAPI')]","type":"Microsoft.Synapse/workspaces/datasets","apiVersion":"2019-06-01-preview","properties":{"linkedServiceName":{"referenceName":"Graph API","type":"LinkedServiceReference"},"folder":{"name":"Graph API Integration Datasets"},"annotations":[],"type":"RestResource","typeProperties":{"relativeUrl":{"value":"beta/users?$select=givenName,surname,userPrincipalName,id","type":"Expression"}},"schema":[]},"dependsOn":[]},{"name":"[concat(parameters('workspaceName'), '/Users_JSON')]","type":"Microsoft.Synapse/workspaces/datasets","apiVersion":"2019-06-01-preview","properties":{"linkedServiceName":{"referenceName":"syn-oea-hybriddev2-WorkspaceDefaultStorage","type":"LinkedServiceReference"},"folder":{"name":"Graph API Integration Datasets"},"annotations":[],"type":"Json","typeProperties":{"location":{"type":"AzureBlobFSLocation","fileName":"users.json","folderPath":"GraphAPI","fileSystem":"stage1np"}},"schema":{}},"dependsOn":[]},{"name":"[concat(parameters('workspaceName'), '/TeamsActivityUserDetails_GraphAPI')]","type":"Microsoft.Synapse/workspaces/datasets","apiVersion":"2019-06-01-preview","properties":{"linkedServiceName":{"referenceName":"Graph API","type":"LinkedServiceReference"},"folder":{"name":"Graph API Integration Datasets"},"annotations":[],"type":"RestResource","typeProperties":{"relativeUrl":{"value":"beta/reports/getTeamsUserActivityUserDetail(period='D180')?$format=application/json","type":"Expression"}},"schema":[]},"dependsOn":[]},{"name":"[concat(parameters('workspaceName'), '/TeamsActivityUserDetails_JSON')]","type":"Microsoft.Synapse/workspaces/datasets","apiVersion":"2019-06-01-preview","properties":{"linkedServiceName":{"referenceName":"syn-oea-hybriddev2-WorkspaceDefaultStorage","type":"LinkedServiceReference"},"folder":{"name":"Graph API Integration Datasets"},"annotations":[],"type":"Json","typeProperties":{"location":{"type":"AzureBlobFSLocation","fileName":"teams_activity_user_details.json","folderPath":"GraphAPI","fileSystem":"stage1np"}},"schema":{}},"dependsOn":[]},{"name":"[concat(parameters('workspaceName'), '/M365AppUserDetail_GraphAPI')]","type":"Microsoft.Synapse/workspaces/datasets","apiVersion":"2019-06-01-preview","properties":{"linkedServiceName":{"referenceName":"Graph API","type":"LinkedServiceReference"},"folder":{"name":"Graph API Integration Datasets"},"annotations":[],"type":"RestResource","typeProperties":{"relativeUrl":{"value":"beta/reports/getM365AppUserDetail(period='D180')/content?$format=application/json","type":"Expression"}},"schema":[]},"dependsOn":[]},{"name":"[concat(parameters('workspaceName'), '/M365AppUserDetail_JSON')]","type":"Microsoft.Synapse/workspaces/datasets","apiVersion":"2019-06-01-preview","properties":{"linkedServiceName":{"referenceName":"syn-oea-hybriddev2-WorkspaceDefaultStorage","type":"LinkedServiceReference"},"folder":{"name":"Graph API Integration Datasets"},"annotations":[],"type":"Json","typeProperties":{"location":{"type":"AzureBlobFSLocation","fileName":"m365_app_user_detail.json","folderPath":"GraphAPI","fileSystem":"stage1np"}},"schema":{}},"dependsOn":[]}]}